id,degree,price_year,price_total,wtp_score,wtp_raw,gender,region,city_type,income,respondent_status
0,bachelor,105000,420000,0.0,"Ні, це забагато",Жіноча,Київ,Велике місто (понад 500 тис. населення),"Середнє – можемо дозволити собі основні витрати, часом – щось додаткове.",Студент KSE
0,bachelor,127000,508000,0.0,"Ні, це забагато",Жіноча,Київ,Велике місто (понад 500 тис. населення),"Середнє – можемо дозволити собі основні витрати, часом – щось додаткове.",Студент KSE
0,bachelor,145000,580000,0.0,"Ні, не вступав(ла) б",Жіноча,Київ,Велике місто (понад 500 тис. населення),"Середнє – можемо дозволити собі основні витрати, часом – щось додаткове.",Студент KSE
0,bachelor,152000,608000,0.0,"Ні, за такої ціни не розглядатиму навчання",Жіноча,Київ,Велике місто (понад 500 тис. населення),"Середнє – можемо дозволити собі основні витрати, часом – щось додаткове.",Студент KSE
0,bachelor,200000,800000,0.0,"Ні, за такої ціни не розглядатиму навчання",Жіноча,Київ,Велике місто (понад 500 тис. населення),"Середнє – можемо дозволити собі основні витрати, часом – щось додаткове.",Студент KSE
1,bachelor,105000,420000,0.5,"Можливо, залежно від програми",Жіноча,Київ ,Середнє місто (50–500 тис. населення),"Нижче середнього – вистачає на необхідне, але додаткові витрати даються важко.",Студент KSE
1,bachelor,127000,508000,0.0,"Ні, це забагато",Жіноча,Київ ,Середнє місто (50–500 тис. населення),"Нижче середнього – вистачає на необхідне, але додаткові витрати даються важко.",Студент KSE
1,bachelor,145000,580000,0.0,"Ні, не вступав(ла) б",Жіноча,Київ ,Середнє місто (50–500 тис. населення),"Нижче середнього – вистачає на необхідне, але додаткові витрати даються важко.",Студент KSE
1,bachelor,152000,608000,0.0,"Ні, за такої ціни не розглядатиму навчання",Жіноча,Київ ,Середнє місто (50–500 тис. населення),"Нижче середнього – вистачає на необхідне, але додаткові витрати даються важко.",Студент KSE
1,bachelor,200000,800000,0.0,"Ні, за такої ціни не розглядатиму навчання",Жіноча,Київ ,Середнє місто (50–500 тис. населення),"Нижче середнього – вистачає на необхідне, але додаткові витрати даються важко.",Студент KSE
2,bachelor,105000,420000,1.0,"Так, це прийнятно",Жіноча,м.Київ,Велике місто (понад 500 тис. населення),"Середнє – можемо дозволити собі основні витрати, часом – щось додаткове.",Учень/учениця 11 класу або недавній випускник школи (майбутній абітурієнт на бакалаврат).
2,bachelor,127000,508000,0.5,"Можливо, залежно від програми",Жіноча,м.Київ,Велике місто (понад 500 тис. населення),"Середнє – можемо дозволити собі основні витрати, часом – щось додаткове.",Учень/учениця 11 класу або недавній випускник школи (майбутній абітурієнт на бакалаврат).
2,bachelor,145000,580000,0.5,"Можливо, залежно від програми",Жіноча,м.Київ,Велике місто (понад 500 тис. населення),"Середнє – можемо дозволити собі основні витрати, часом – щось додаткове.",Учень/учениця 11 класу або недавній випускник школи (майбутній абітурієнт на бакалаврат).
2,bachelor,152000,608000,0.0,"Ні, за такої ціни не розглядатиму навчання",Жіноча,м.Київ,Велике місто (понад 500 тис. населення),"Середнє – можемо дозволити собі основні витрати, часом – щось додаткове.",Учень/учениця 11 класу або недавній випускник школи (майбутній абітурієнт на бакалаврат).
2,bachelor,200000,800000,0.0,"Ні, за такої ціни не розглядатиму навчання",Жіноча,м.Київ,Велике місто (понад 500 тис. населення),"Середнє – можемо дозволити собі основні витрати, часом – щось додаткове.",Учень/учениця 11 класу або недавній випускник школи (майбутній абітурієнт на бакалаврат).
3,bachelor,105000,420000,1.0,"Так, це прийнятно",Жіноча,Харківська область ,Велике місто (понад 500 тис. населення),"Високе – сім’я матеріально забезпечена, коштів достатньо для комфортного життя.",Студент KSE
3,bachelor,127000,508000,1.0,"Так, це прийнятно",Жіноча,Харківська область ,Велике місто (понад 500 тис. населення),"Високе – сім’я матеріально забезпечена, коштів достатньо для комфортного життя.",Студент KSE
3,bachelor,145000,580000,1.0,"Так, ціна прийнятна",Жіноча,Харківська область ,Велике місто (понад 500 тис. населення),"Високе – сім’я матеріально забезпечена, коштів достатньо для комфортного життя.",Студент KSE
3,bachelor,152000,608000,1.0,"Так, все одно вступив(ла) б",Жіноча,Харківська область ,Велике місто (понад 500 тис. населення),"Високе – сім’я матеріально забезпечена, коштів достатньо для комфортного життя.",Студент KSE
3,bachelor,200000,800000,1.0,"Так, все одно вступив(ла) б",Жіноча,Харківська область ,Велике місто (понад 500 тис. населення),"Високе – сім’я матеріально забезпечена, коштів достатньо для комфортного життя.",Студент KSE
4,bachelor,105000,420000,1.0,"Так, це прийнятно",Чоловіча,Калуш,Сільська місцевість (село),"Вище середнього – здатні оплачувати великі покупки, подорожі тощо без значних труднощів.",Студент KSE
4,bachelor,127000,508000,1.0,"Так, це прийнятно",Чоловіча,Калуш,Сільська місцевість (село),"Вище середнього – здатні оплачувати великі покупки, подорожі тощо без значних труднощів.",Студент KSE
4,bachelor,145000,580000,1.0,"Так, ціна прийнятна",Чоловіча,Калуш,Сільська місцевість (село),"Вище середнього – здатні оплачувати великі покупки, подорожі тощо без значних труднощів.",Студент KSE
4,bachelor,152000,608000,1.0,"Так, все одно вступив(ла) б",Чоловіча,Калуш,Сільська місцевість (село),"Вище середнього – здатні оплачувати великі покупки, подорожі тощо без значних труднощів.",Студент KSE
4,bachelor,200000,800000,0.5,"Можливо, залежно від програми",Чоловіча,Калуш,Сільська місцевість (село),"Вище середнього – здатні оплачувати великі покупки, подорожі тощо без значних труднощів.",Студент KSE
5,bachelor,105000,420000,0.5,"Можливо, залежно від програми",Жіноча,Київ,Велике місто (понад 500 тис. населення),"Вище середнього – здатні оплачувати великі покупки, подорожі тощо без значних труднощів.",Студент KSE
5,bachelor,127000,508000,0.5,"Можливо, залежно від програми",Жіноча,Київ,Велике місто (понад 500 тис. населення),"Вище середнього – здатні оплачувати великі покупки, подорожі тощо без значних труднощів.",Студент KSE
5,bachelor,145000,580000,0.5,"Можливо, залежно від програми",Жіноча,Київ,Велике місто (понад 500 тис. населення),"Вище середнього – здатні оплачувати великі покупки, подорожі тощо без значних труднощів.",Студент KSE
5,bachelor,152000,608000,0.5,"Можливо, залежно від програми",Жіноча,Київ,Велике місто (понад 500 тис. населення),"Вище середнього – здатні оплачувати великі покупки, подорожі тощо без значних труднощів.",Студент KSE
5,bachelor,200000,800000,0.5,"Можливо, залежно від програми",Жіноча,Київ,Велике місто (понад 500 тис. населення),"Вище середнього – здатні оплачувати великі покупки, подорожі тощо без значних труднощів.",Студент KSE
6,bachelor,105000,420000,0.5,"Можливо, залежно від програми",Чоловіча,Суми,Середнє місто (50–500 тис. населення),"Вище середнього – здатні оплачувати великі покупки, подорожі тощо без значних труднощів.",Студент KSE
6,bachelor,127000,508000,0.5,"Можливо, залежно від програми",Чоловіча,Суми,Середнє місто (50–500 тис. населення),"Вище середнього – здатні оплачувати великі покупки, подорожі тощо без значних труднощів.",Студент KSE
6,bachelor,145000,580000,0.0,"Ні, не вступав(ла) б",Чоловіча,Суми,Середнє місто (50–500 тис. населення),"Вище середнього – здатні оплачувати великі покупки, подорожі тощо без значних труднощів.",Студент KSE
6,bachelor,152000,608000,0.0,"Ні, за такої ціни не розглядатиму навчання",Чоловіча,Суми,Середнє місто (50–500 тис. населення),"Вище середнього – здатні оплачувати великі покупки, подорожі тощо без значних труднощів.",Студент KSE
6,bachelor,200000,800000,0.0,"Ні, за такої ціни не розглядатиму навчання",Чоловіча,Суми,Середнє місто (50–500 тис. населення),"Вище середнього – здатні оплачувати великі покупки, подорожі тощо без значних труднощів.",Студент KSE
7,bachelor,105000,420000,1.0,"Так, це прийнятно",Жіноча,дніпропетровська,Велике місто (понад 500 тис. населення),"Вище середнього – здатні оплачувати великі покупки, подорожі тощо без значних труднощів.",Студент KSE
7,bachelor,127000,508000,1.0,"Так, це прийнятно",Жіноча,дніпропетровська,Велике місто (понад 500 тис. населення),"Вище середнього – здатні оплачувати великі покупки, подорожі тощо без значних труднощів.",Студент KSE
7,bachelor,145000,580000,1.0,"Так, ціна прийнятна",Жіноча,дніпропетровська,Велике місто (понад 500 тис. населення),"Вище середнього – здатні оплачувати великі покупки, подорожі тощо без значних труднощів.",Студент KSE
7,bachelor,152000,608000,1.0,"Так, все одно вступив(ла) б",Жіноча,дніпропетровська,Велике місто (понад 500 тис. населення),"Вище середнього – здатні оплачувати великі покупки, подорожі тощо без значних труднощів.",Студент KSE
7,bachelor,200000,800000,0.5,"Можливо, залежно від програми",Жіноча,дніпропетровська,Велике місто (понад 500 тис. населення),"Вище середнього – здатні оплачувати великі покупки, подорожі тощо без значних труднощів.",Студент KSE
8,bachelor,105000,420000,1.0,"Так, це прийнятно",Жіноча,Київ,Велике місто (понад 500 тис. населення),"Вище середнього – здатні оплачувати великі покупки, подорожі тощо без значних труднощів.",Студент KSE
8,bachelor,127000,508000,1.0,"Так, це прийнятно",Жіноча,Київ,Велике місто (понад 500 тис. населення),"Вище середнього – здатні оплачувати великі покупки, подорожі тощо без значних труднощів.",Студент KSE
8,bachelor,145000,580000,1.0,"Так, ціна прийнятна",Жіноча,Київ,Велике місто (понад 500 тис. населення),"Вище середнього – здатні оплачувати великі покупки, подорожі тощо без значних труднощів.",Студент KSE
8,bachelor,152000,608000,0.0,"Ні, за такої ціни не розглядатиму навчання",Жіноча,Київ,Велике місто (понад 500 тис. населення),"Вище середнього – здатні оплачувати великі покупки, подорожі тощо без значних труднощів.",Студент KSE
8,bachelor,200000,800000,0.0,"Ні, за такої ціни не розглядатиму навчання",Жіноча,Київ,Велике місто (понад 500 тис. населення),"Вище середнього – здатні оплачувати великі покупки, подорожі тощо без значних труднощів.",Студент KSE
9,bachelor,105000,420000,1.0,"Так, це прийнятно",Жіноча,Київ,Велике місто (понад 500 тис. населення),"Середнє – можемо дозволити собі основні витрати, часом – щось додаткове.",Студент KSE
9,bachelor,127000,508000,0.5,"Можливо, залежно від програми",Жіноча,Київ,Велике місто (понад 500 тис. населення),"Середнє – можемо дозволити собі основні витрати, часом – щось додаткове.",Студент KSE
9,bachelor,145000,580000,0.0,"Ні, не вступав(ла) б",Жіноча,Київ,Велике місто (понад 500 тис. населення),"Середнє – можемо дозволити собі основні витрати, часом – щось додаткове.",Студент KSE
9,bachelor,152000,608000,0.0,"Ні, за такої ціни не розглядатиму навчання",Жіноча,Київ,Велике місто (понад 500 тис. населення),"Середнє – можемо дозволити собі основні витрати, часом – щось додаткове.",Студент KSE
9,bachelor,200000,800000,0.0,"Ні, за такої ціни не розглядатиму навчання",Жіноча,Київ,Велике місто (понад 500 тис. населення),"Середнє – можемо дозволити собі основні витрати, часом – щось додаткове.",Студент KSE
10,bachelor,105000,420000,0.5,"Можливо, залежно від програми",Чоловіча,Київ,Велике місто (понад 500 тис. населення),"Вище середнього – здатні оплачувати великі покупки, подорожі тощо без значних труднощів.",Студент KSE
10,bachelor,127000,508000,0.0,"Ні, це забагато",Чоловіча,Київ,Велике місто (понад 500 тис. населення),"Вище середнього – здатні оплачувати великі покупки, подорожі тощо без значних труднощів.",Студент KSE
10,bachelor,145000,580000,0.0,"Ні, не вступав(ла) б",Чоловіча,Київ,Велике місто (понад 500 тис. населення),"Вище середнього – здатні оплачувати великі покупки, подорожі тощо без значних труднощів.",Студент KSE
10,bachelor,152000,608000,0.0,"Ні, за такої ціни не розглядатиму навчання",Чоловіча,Київ,Велике місто (понад 500 тис. населення),"Вище середнього – здатні оплачувати великі покупки, подорожі тощо без значних труднощів.",Студент KSE
10,bachelor,200000,800000,0.0,"Ні, за такої ціни не розглядатиму навчання",Чоловіча,Київ,Велике місто (понад 500 тис. населення),"Вище середнього – здатні оплачувати великі покупки, подорожі тощо без значних труднощів.",Студент KSE
11,bachelor,105000,420000,1.0,"Так, це прийнятно",Жіноча,Тернопільська область ,Сільська місцевість (село),"Середнє – можемо дозволити собі основні витрати, часом – щось додаткове.",Студент KSE
11,bachelor,127000,508000,0.5,"Можливо, залежно від програми",Жіноча,Тернопільська область ,Сільська місцевість (село),"Середнє – можемо дозволити собі основні витрати, часом – щось додаткове.",Студент KSE
11,bachelor,145000,580000,0.0,"Ні, не вступав(ла) б",Жіноча,Тернопільська область ,Сільська місцевість (село),"Середнє – можемо дозволити собі основні витрати, часом – щось додаткове.",Студент KSE
11,bachelor,152000,608000,0.0,"Ні, за такої ціни не розглядатиму навчання",Жіноча,Тернопільська область ,Сільська місцевість (село),"Середнє – можемо дозволити собі основні витрати, часом – щось додаткове.",Студент KSE
11,bachelor,200000,800000,0.0,"Ні, за такої ціни не розглядатиму навчання",Жіноча,Тернопільська область ,Сільська місцевість (село),"Середнє – можемо дозволити собі основні витрати, часом – щось додаткове.",Студент KSE
12,bachelor,105000,420000,0.5,"Можливо, залежно від програми",Жіноча,Київ,Велике місто (понад 500 тис. населення),"Середнє – можемо дозволити собі основні витрати, часом – щось додаткове.",Студент KSE
12,bachelor,127000,508000,0.5,"Можливо, залежно від програми",Жіноча,Київ,Велике місто (понад 500 тис. населення),"Середнє – можемо дозволити собі основні витрати, часом – щось додаткове.",Студент KSE
12,bachelor,145000,580000,0.0,"Ні, не вступав(ла) б",Жіноча,Київ,Велике місто (понад 500 тис. населення),"Середнє – можемо дозволити собі основні витрати, часом – щось додаткове.",Студент KSE
12,bachelor,152000,608000,0.0,"Ні, за такої ціни не розглядатиму навчання",Жіноча,Київ,Велике місто (понад 500 тис. населення),"Середнє – можемо дозволити собі основні витрати, часом – щось додаткове.",Студент KSE
12,bachelor,200000,800000,0.0,"Ні, за такої ціни не розглядатиму навчання",Жіноча,Київ,Велике місто (понад 500 тис. населення),"Середнє – можемо дозволити собі основні витрати, часом – щось додаткове.",Студент KSE
13,bachelor,105000,420000,1.0,"Так, це прийнятно",Чоловіча,Київ,Велике місто (понад 500 тис. населення),"Вище середнього – здатні оплачувати великі покупки, подорожі тощо без значних труднощів.",Студент KSE
13,bachelor,127000,508000,0.5,"Можливо, залежно від програми",Чоловіча,Київ,Велике місто (понад 500 тис. населення),"Вище середнього – здатні оплачувати великі покупки, подорожі тощо без значних труднощів.",Студент KSE
13,bachelor,145000,580000,0.5,"Можливо, залежно від програми",Чоловіча,Київ,Велике місто (понад 500 тис. населення),"Вище середнього – здатні оплачувати великі покупки, подорожі тощо без значних труднощів.",Студент KSE
13,bachelor,152000,608000,0.5,"Можливо, залежно від програми",Чоловіча,Київ,Велике місто (понад 500 тис. населення),"Вище середнього – здатні оплачувати великі покупки, подорожі тощо без значних труднощів.",Студент KSE
13,bachelor,200000,800000,0.0,"Ні, за такої ціни не розглядатиму навчання",Чоловіча,Київ,Велике місто (понад 500 тис. населення),"Вище середнього – здатні оплачувати великі покупки, подорожі тощо без значних труднощів.",Студент KSE
14,bachelor,105000,420000,0.0,"Ні, це забагато",Жіноча,Київська область ,Мале місто / селище міського типу (до 50 тис. населення),"Низьке – сім’ї важко покривати базові потреби, часто бракує коштів.",Студент KSE
14,bachelor,127000,508000,0.0,"Ні, це забагато",Жіноча,Київська область ,Мале місто / селище міського типу (до 50 тис. населення),"Низьке – сім’ї важко покривати базові потреби, часто бракує коштів.",Студент KSE
14,bachelor,145000,580000,0.0,"Ні, не вступав(ла) б",Жіноча,Київська область ,Мале місто / селище міського типу (до 50 тис. населення),"Низьке – сім’ї важко покривати базові потреби, часто бракує коштів.",Студент KSE
14,bachelor,152000,608000,0.0,"Ні, за такої ціни не розглядатиму навчання",Жіноча,Київська область ,Мале місто / селище міського типу (до 50 тис. населення),"Низьке – сім’ї важко покривати базові потреби, часто бракує коштів.",Студент KSE
14,bachelor,200000,800000,0.0,"Ні, за такої ціни не розглядатиму навчання",Жіноча,Київська область ,Мале місто / селище міського типу (до 50 тис. населення),"Низьке – сім’ї важко покривати базові потреби, часто бракує коштів.",Студент KSE
15,bachelor,105000,420000,0.5,"Можливо, залежно від програми",Жіноча,Київ ,Велике місто (понад 500 тис. населення),"Нижче середнього – вистачає на необхідне, але додаткові витрати даються важко.",Студент KSE
15,bachelor,127000,508000,0.5,"Можливо, залежно від програми",Жіноча,Київ ,Велике місто (понад 500 тис. населення),"Нижче середнього – вистачає на необхідне, але додаткові витрати даються важко.",Студент KSE
15,bachelor,145000,580000,0.5,"Можливо, залежно від програми",Жіноча,Київ ,Велике місто (понад 500 тис. населення),"Нижче середнього – вистачає на необхідне, але додаткові витрати даються важко.",Студент KSE
15,bachelor,152000,608000,0.0,"Ні, за такої ціни не розглядатиму навчання",Жіноча,Київ ,Велике місто (понад 500 тис. населення),"Нижче середнього – вистачає на необхідне, але додаткові витрати даються важко.",Студент KSE
15,bachelor,200000,800000,0.0,"Ні, за такої ціни не розглядатиму навчання",Жіноча,Київ ,Велике місто (понад 500 тис. населення),"Нижче середнього – вистачає на необхідне, але додаткові витрати даються важко.",Студент KSE
16,bachelor,105000,420000,0.5,"Можливо, залежно від програми",Жіноча,Київ,Велике місто (понад 500 тис. населення),"Середнє – можемо дозволити собі основні витрати, часом – щось додаткове.",Студент KSE
16,bachelor,127000,508000,0.5,"Можливо, залежно від програми",Жіноча,Київ,Велике місто (понад 500 тис. населення),"Середнє – можемо дозволити собі основні витрати, часом – щось додаткове.",Студент KSE
16,bachelor,145000,580000,0.0,"Ні, не вступав(ла) б",Жіноча,Київ,Велике місто (понад 500 тис. населення),"Середнє – можемо дозволити собі основні витрати, часом – щось додаткове.",Студент KSE
16,bachelor,152000,608000,0.0,"Ні, за такої ціни не розглядатиму навчання",Жіноча,Київ,Велике місто (понад 500 тис. населення),"Середнє – можемо дозволити собі основні витрати, часом – щось додаткове.",Студент KSE
16,bachelor,200000,800000,0.0,"Ні, за такої ціни не розглядатиму навчання",Жіноча,Київ,Велике місто (понад 500 тис. населення),"Середнє – можемо дозволити собі основні витрати, часом – щось додаткове.",Студент KSE
17,bachelor,105000,420000,1.0,"Так, це прийнятно",Чоловіча,Київ,Велике місто (понад 500 тис. населення),"Середнє – можемо дозволити собі основні витрати, часом – щось додаткове.",Студент KSE
17,bachelor,127000,508000,0.5,"Можливо, залежно від програми",Чоловіча,Київ,Велике місто (понад 500 тис. населення),"Середнє – можемо дозволити собі основні витрати, часом – щось додаткове.",Студент KSE
17,bachelor,145000,580000,0.5,"Можливо, залежно від програми",Чоловіча,Київ,Велике місто (понад 500 тис. населення),"Середнє – можемо дозволити собі основні витрати, часом – щось додаткове.",Студент KSE
17,bachelor,152000,608000,0.0,"Ні, за такої ціни не розглядатиму навчання",Чоловіча,Київ,Велике місто (понад 500 тис. населення),"Середнє – можемо дозволити собі основні витрати, часом – щось додаткове.",Студент KSE
17,bachelor,200000,800000,0.0,"Ні, за такої ціни не розглядатиму навчання",Чоловіча,Київ,Велике місто (понад 500 тис. населення),"Середнє – можемо дозволити собі основні витрати, часом – щось додаткове.",Студент KSE
18,bachelor,105000,420000,0.5,"Можливо, залежно від програми",Чоловіча,Львівська область ,Велике місто (понад 500 тис. населення),"Вище середнього – здатні оплачувати великі покупки, подорожі тощо без значних труднощів.",Студент/студентка іншого університету
18,bachelor,127000,508000,0.5,"Можливо, залежно від програми",Чоловіча,Львівська область ,Велике місто (понад 500 тис. населення),"Вище середнього – здатні оплачувати великі покупки, подорожі тощо без значних труднощів.",Студент/студентка іншого університету
18,bachelor,145000,580000,0.0,"Ні, не вступав(ла) б",Чоловіча,Львівська область ,Велике місто (понад 500 тис. населення),"Вище середнього – здатні оплачувати великі покупки, подорожі тощо без значних труднощів.",Студент/студентка іншого університету
18,bachelor,152000,608000,0.0,"Ні, за такої ціни не розглядатиму навчання",Чоловіча,Львівська область ,Велике місто (понад 500 тис. населення),"Вище середнього – здатні оплачувати великі покупки, подорожі тощо без значних труднощів.",Студент/студентка іншого університету
18,bachelor,200000,800000,0.0,"Ні, за такої ціни не розглядатиму навчання",Чоловіча,Львівська область ,Велике місто (понад 500 тис. населення),"Вище середнього – здатні оплачувати великі покупки, подорожі тощо без значних труднощів.",Студент/студентка іншого університету
19,bachelor,105000,420000,0.5,"Можливо, залежно від програми",Чоловіча,Київ,Середнє місто (50–500 тис. населення),"Нижче середнього – вистачає на необхідне, але додаткові витрати даються важко.",Студент KSE
19,bachelor,127000,508000,0.0,"Ні, це забагато",Чоловіча,Київ,Середнє місто (50–500 тис. населення),"Нижче середнього – вистачає на необхідне, але додаткові витрати даються важко.",Студент KSE
19,bachelor,145000,580000,0.0,"Ні, не вступав(ла) б",Чоловіча,Київ,Середнє місто (50–500 тис. населення),"Нижче середнього – вистачає на необхідне, але додаткові витрати даються важко.",Студент KSE
19,bachelor,152000,608000,0.0,"Ні, за такої ціни не розглядатиму навчання",Чоловіча,Київ,Середнє місто (50–500 тис. населення),"Нижче середнього – вистачає на необхідне, але додаткові витрати даються важко.",Студент KSE
19,bachelor,200000,800000,0.0,"Ні, за такої ціни не розглядатиму навчання",Чоловіча,Київ,Середнє місто (50–500 тис. населення),"Нижче середнього – вистачає на необхідне, але додаткові витрати даються важко.",Студент KSE
20,bachelor,105000,420000,1.0,"Так, це прийнятно",Жіноча,Київ,Велике місто (понад 500 тис. населення),"Вище середнього – здатні оплачувати великі покупки, подорожі тощо без значних труднощів.",Студент KSE
20,bachelor,127000,508000,1.0,"Так, це прийнятно",Жіноча,Київ,Велике місто (понад 500 тис. населення),"Вище середнього – здатні оплачувати великі покупки, подорожі тощо без значних труднощів.",Студент KSE
20,bachelor,145000,580000,0.0,"Ні, не вступав(ла) б",Жіноча,Київ,Велике місто (понад 500 тис. населення),"Вище середнього – здатні оплачувати великі покупки, подорожі тощо без значних труднощів.",Студент KSE
20,bachelor,152000,608000,0.0,"Ні, за такої ціни не розглядатиму навчання",Жіноча,Київ,Велике місто (понад 500 тис. населення),"Вище середнього – здатні оплачувати великі покупки, подорожі тощо без значних труднощів.",Студент KSE
20,bachelor,200000,800000,0.0,"Ні, за такої ціни не розглядатиму навчання",Жіноча,Київ,Велике місто (понад 500 тис. населення),"Вище середнього – здатні оплачувати великі покупки, подорожі тощо без значних труднощів.",Студент KSE
21,bachelor,105000,420000,1.0,"Так, це прийнятно",Жіноча,Київ,Велике місто (понад 500 тис. населення),"Вище середнього – здатні оплачувати великі покупки, подорожі тощо без значних труднощів.",Учень/учениця 11 класу або недавній випускник школи (майбутній абітурієнт на бакалаврат).
21,bachelor,127000,508000,1.0,"Так, це прийнятно",Жіноча,Київ,Велике місто (понад 500 тис. населення),"Вище середнього – здатні оплачувати великі покупки, подорожі тощо без значних труднощів.",Учень/учениця 11 класу або недавній випускник школи (майбутній абітурієнт на бакалаврат).
21,bachelor,145000,580000,1.0,"Так, ціна прийнятна",Жіноча,Київ,Велике місто (понад 500 тис. населення),"Вище середнього – здатні оплачувати великі покупки, подорожі тощо без значних труднощів.",Учень/учениця 11 класу або недавній випускник школи (майбутній абітурієнт на бакалаврат).
21,bachelor,152000,608000,1.0,"Так, все одно вступив(ла) б",Жіноча,Київ,Велике місто (понад 500 тис. населення),"Вище середнього – здатні оплачувати великі покупки, подорожі тощо без значних труднощів.",Учень/учениця 11 класу або недавній випускник школи (майбутній абітурієнт на бакалаврат).
21,bachelor,200000,800000,1.0,"Так, все одно вступив(ла) б",Жіноча,Київ,Велике місто (понад 500 тис. населення),"Вище середнього – здатні оплачувати великі покупки, подорожі тощо без значних труднощів.",Учень/учениця 11 класу або недавній випускник школи (майбутній абітурієнт на бакалаврат).
22,bachelor,105000,420000,0.5,"Можливо, залежно від програми",Жіноча,Дніпропетровська,Середнє місто (50–500 тис. населення),"Середнє – можемо дозволити собі основні витрати, часом – щось додаткове.",Учень/учениця 11 класу або недавній випускник школи (майбутній абітурієнт на бакалаврат).
22,bachelor,127000,508000,0.0,"Ні, це забагато",Жіноча,Дніпропетровська,Середнє місто (50–500 тис. населення),"Середнє – можемо дозволити собі основні витрати, часом – щось додаткове.",Учень/учениця 11 класу або недавній випускник школи (майбутній абітурієнт на бакалаврат).
22,bachelor,145000,580000,0.0,"Ні, не вступав(ла) б",Жіноча,Дніпропетровська,Середнє місто (50–500 тис. населення),"Середнє – можемо дозволити собі основні витрати, часом – щось додаткове.",Учень/учениця 11 класу або недавній випускник школи (майбутній абітурієнт на бакалаврат).
22,bachelor,152000,608000,0.0,"Ні, за такої ціни не розглядатиму навчання",Жіноча,Дніпропетровська,Середнє місто (50–500 тис. населення),"Середнє – можемо дозволити собі основні витрати, часом – щось додаткове.",Учень/учениця 11 класу або недавній випускник школи (майбутній абітурієнт на бакалаврат).
22,bachelor,200000,800000,0.0,"Ні, за такої ціни не розглядатиму навчання",Жіноча,Дніпропетровська,Середнє місто (50–500 тис. населення),"Середнє – можемо дозволити собі основні витрати, часом – щось додаткове.",Учень/учениця 11 класу або недавній випускник школи (майбутній абітурієнт на бакалаврат).
23,bachelor,105000,420000,0.5,"Можливо, залежно від програми",Чоловіча,Київська область,Мале місто / селище міського типу (до 50 тис. населення),"Середнє – можемо дозволити собі основні витрати, часом – щось додаткове.",Студент KSE
23,bachelor,127000,508000,0.5,"Можливо, залежно від програми",Чоловіча,Київська область,Мале місто / селище міського типу (до 50 тис. населення),"Середнє – можемо дозволити собі основні витрати, часом – щось додаткове.",Студент KSE
23,bachelor,145000,580000,0.0,"Ні, не вступав(ла) б",Чоловіча,Київська область,Мале місто / селище міського типу (до 50 тис. населення),"Середнє – можемо дозволити собі основні витрати, часом – щось додаткове.",Студент KSE
23,bachelor,152000,608000,0.0,"Ні, за такої ціни не розглядатиму навчання",Чоловіча,Київська область,Мале місто / селище міського типу (до 50 тис. населення),"Середнє – можемо дозволити собі основні витрати, часом – щось додаткове.",Студент KSE
23,bachelor,200000,800000,0.0,"Ні, за такої ціни не розглядатиму навчання",Чоловіча,Київська область,Мале місто / селище міського типу (до 50 тис. населення),"Середнє – можемо дозволити собі основні витрати, часом – щось додаткове.",Студент KSE
24,bachelor,105000,420000,0.0,"Ні, це забагато",Жіноча,Київ,Велике місто (понад 500 тис. населення),"Вище середнього – здатні оплачувати великі покупки, подорожі тощо без значних труднощів.",Студент KSE
24,bachelor,127000,508000,0.0,"Ні, це забагато",Жіноча,Київ,Велике місто (понад 500 тис. населення),"Вище середнього – здатні оплачувати великі покупки, подорожі тощо без значних труднощів.",Студент KSE
24,bachelor,145000,580000,0.0,"Ні, не вступав(ла) б",Жіноча,Київ,Велике місто (понад 500 тис. населення),"Вище середнього – здатні оплачувати великі покупки, подорожі тощо без значних труднощів.",Студент KSE
24,bachelor,152000,608000,0.0,"Ні, за такої ціни не розглядатиму навчання",Жіноча,Київ,Велике місто (понад 500 тис. населення),"Вище середнього – здатні оплачувати великі покупки, подорожі тощо без значних труднощів.",Студент KSE
24,bachelor,200000,800000,0.0,"Ні, за такої ціни не розглядатиму навчання",Жіноча,Київ,Велике місто (понад 500 тис. населення),"Вище середнього – здатні оплачувати великі покупки, подорожі тощо без значних труднощів.",Студент KSE
25,bachelor,105000,420000,0.5,"Можливо, залежно від програми",Жіноча,Київ,Велике місто (понад 500 тис. населення),"Середнє – можемо дозволити собі основні витрати, часом – щось додаткове.",Студент KSE
25,bachelor,127000,508000,0.0,"Ні, це забагато",Жіноча,Київ,Велике місто (понад 500 тис. населення),"Середнє – можемо дозволити собі основні витрати, часом – щось додаткове.",Студент KSE
25,bachelor,145000,580000,0.0,"Ні, не вступав(ла) б",Жіноча,Київ,Велике місто (понад 500 тис. населення),"Середнє – можемо дозволити собі основні витрати, часом – щось додаткове.",Студент KSE
25,bachelor,152000,608000,0.0,"Ні, за такої ціни не розглядатиму навчання",Жіноча,Київ,Велике місто (понад 500 тис. населення),"Середнє – можемо дозволити собі основні витрати, часом – щось додаткове.",Студент KSE
25,bachelor,200000,800000,0.0,"Ні, за такої ціни не розглядатиму навчання",Жіноча,Київ,Велике місто (понад 500 тис. населення),"Середнє – можемо дозволити собі основні витрати, часом – щось додаткове.",Студент KSE
26,bachelor,105000,420000,0.5,"Можливо, залежно від програми",Жіноча,Київ,Велике місто (понад 500 тис. населення),"Середнє – можемо дозволити собі основні витрати, часом – щось додаткове.",Студент KSE
26,bachelor,127000,508000,0.5,"Можливо, залежно від програми",Жіноча,Київ,Велике місто (понад 500 тис. населення),"Середнє – можемо дозволити собі основні витрати, часом – щось додаткове.",Студент KSE
26,bachelor,145000,580000,0.5,"Можливо, залежно від програми",Жіноча,Київ,Велике місто (понад 500 тис. населення),"Середнє – можемо дозволити собі основні витрати, часом – щось додаткове.",Студент KSE
26,bachelor,152000,608000,0.0,"Ні, за такої ціни не розглядатиму навчання",Жіноча,Київ,Велике місто (понад 500 тис. населення),"Середнє – можемо дозволити собі основні витрати, часом – щось додаткове.",Студент KSE
26,bachelor,200000,800000,0.0,"Ні, за такої ціни не розглядатиму навчання",Жіноча,Київ,Велике місто (понад 500 тис. населення),"Середнє – можемо дозволити собі основні витрати, часом – щось додаткове.",Студент KSE
27,bachelor,105000,420000,0.5,"Можливо, залежно від програми",Жіноча,Київ,Сільська місцевість (село),"Середнє – можемо дозволити собі основні витрати, часом – щось додаткове.",Студент KSE
27,bachelor,127000,508000,0.5,"Можливо, залежно від програми",Жіноча,Київ,Сільська місцевість (село),"Середнє – можемо дозволити собі основні витрати, часом – щось додаткове.",Студент KSE
27,bachelor,145000,580000,0.0,"Ні, не вступав(ла) б",Жіноча,Київ,Сільська місцевість (село),"Середнє – можемо дозволити собі основні витрати, часом – щось додаткове.",Студент KSE
27,bachelor,152000,608000,0.0,"Ні, за такої ціни не розглядатиму навчання",Жіноча,Київ,Сільська місцевість (село),"Середнє – можемо дозволити собі основні витрати, часом – щось додаткове.",Студент KSE
27,bachelor,200000,800000,0.0,"Ні, за такої ціни не розглядатиму навчання",Жіноча,Київ,Сільська місцевість (село),"Середнє – можемо дозволити собі основні витрати, часом – щось додаткове.",Студент KSE
28,bachelor,105000,420000,0.0,"Ні, це забагато",Чоловіча,Німеччина,Середнє місто (50–500 тис. населення),"Середнє – можемо дозволити собі основні витрати, часом – щось додаткове.",Студент/студентка іншого університету
28,bachelor,127000,508000,0.0,"Ні, це забагато",Чоловіча,Німеччина,Середнє місто (50–500 тис. населення),"Середнє – можемо дозволити собі основні витрати, часом – щось додаткове.",Студент/студентка іншого університету
28,bachelor,145000,580000,0.0,"Ні, не вступав(ла) б",Чоловіча,Німеччина,Середнє місто (50–500 тис. населення),"Середнє – можемо дозволити собі основні витрати, часом – щось додаткове.",Студент/студентка іншого університету
28,bachelor,152000,608000,0.0,"Ні, за такої ціни не розглядатиму навчання",Чоловіча,Німеччина,Середнє місто (50–500 тис. населення),"Середнє – можемо дозволити собі основні витрати, часом – щось додаткове.",Студент/студентка іншого університету
28,bachelor,200000,800000,0.0,"Ні, за такої ціни не розглядатиму навчання",Чоловіча,Німеччина,Середнє місто (50–500 тис. населення),"Середнє – можемо дозволити собі основні витрати, часом – щось додаткове.",Студент/студентка іншого університету
29,bachelor,105000,420000,0.5,"Можливо, залежно від програми",Жіноча,Київ ,Велике місто (понад 500 тис. населення),"Середнє – можемо дозволити собі основні витрати, часом – щось додаткове.",Студент KSE
29,bachelor,127000,508000,0.0,"Ні, це забагато",Жіноча,Київ ,Велике місто (понад 500 тис. населення),"Середнє – можемо дозволити собі основні витрати, часом – щось додаткове.",Студент KSE
29,bachelor,145000,580000,0.0,"Ні, не вступав(ла) б",Жіноча,Київ ,Велике місто (понад 500 тис. населення),"Середнє – можемо дозволити собі основні витрати, часом – щось додаткове.",Студент KSE
29,bachelor,152000,608000,0.0,"Ні, за такої ціни не розглядатиму навчання",Жіноча,Київ ,Велике місто (понад 500 тис. населення),"Середнє – можемо дозволити собі основні витрати, часом – щось додаткове.",Студент KSE
29,bachelor,200000,800000,0.0,"Ні, за такої ціни не розглядатиму навчання",Жіноча,Київ ,Велике місто (понад 500 тис. населення),"Середнє – можемо дозволити собі основні витрати, часом – щось додаткове.",Студент KSE
30,bachelor,105000,420000,0.5,"Можливо, залежно від програми",Жіноча,Одеська,Мале місто / селище міського типу (до 50 тис. населення),"Нижче середнього – вистачає на необхідне, але додаткові витрати даються важко.",Учень/учениця 11 класу або недавній випускник школи (майбутній абітурієнт на бакалаврат).
30,bachelor,127000,508000,0.5,"Можливо, залежно від програми",Жіноча,Одеська,Мале місто / селище міського типу (до 50 тис. населення),"Нижче середнього – вистачає на необхідне, але додаткові витрати даються важко.",Учень/учениця 11 класу або недавній випускник школи (майбутній абітурієнт на бакалаврат).
30,bachelor,145000,580000,0.0,"Ні, не вступав(ла) б",Жіноча,Одеська,Мале місто / селище міського типу (до 50 тис. населення),"Нижче середнього – вистачає на необхідне, але додаткові витрати даються важко.",Учень/учениця 11 класу або недавній випускник школи (майбутній абітурієнт на бакалаврат).
30,bachelor,152000,608000,0.0,"Ні, за такої ціни не розглядатиму навчання",Жіноча,Одеська,Мале місто / селище міського типу (до 50 тис. населення),"Нижче середнього – вистачає на необхідне, але додаткові витрати даються важко.",Учень/учениця 11 класу або недавній випускник школи (майбутній абітурієнт на бакалаврат).
30,bachelor,200000,800000,0.0,"Ні, за такої ціни не розглядатиму навчання",Жіноча,Одеська,Мале місто / селище міського типу (до 50 тис. населення),"Нижче середнього – вистачає на необхідне, але додаткові витрати даються важко.",Учень/учениця 11 класу або недавній випускник школи (майбутній абітурієнт на бакалаврат).
31,bachelor,105000,420000,1.0,"Так, це прийнятно",Жіноча,Київ,Велике місто (понад 500 тис. населення),"Середнє – можемо дозволити собі основні витрати, часом – щось додаткове.",Студент KSE
31,bachelor,127000,508000,0.0,"Ні, це забагато",Жіноча,Київ,Велике місто (понад 500 тис. населення),"Середнє – можемо дозволити собі основні витрати, часом – щось додаткове.",Студент KSE
31,bachelor,145000,580000,0.0,"Ні, не вступав(ла) б",Жіноча,Київ,Велике місто (понад 500 тис. населення),"Середнє – можемо дозволити собі основні витрати, часом – щось додаткове.",Студент KSE
31,bachelor,152000,608000,0.0,"Ні, за такої ціни не розглядатиму навчання",Жіноча,Київ,Велике місто (понад 500 тис. населення),"Середнє – можемо дозволити собі основні витрати, часом – щось додаткове.",Студент KSE
31,bachelor,200000,800000,0.0,"Ні, за такої ціни не розглядатиму навчання",Жіноча,Київ,Велике місто (понад 500 тис. населення),"Середнє – можемо дозволити собі основні витрати, часом – щось додаткове.",Студент KSE
32,bachelor,105000,420000,1.0,"Так, це прийнятно",Жіноча,Київ,Велике місто (понад 500 тис. населення),"Середнє – можемо дозволити собі основні витрати, часом – щось додаткове.",Студент KSE
32,bachelor,127000,508000,0.5,"Можливо, залежно від програми",Жіноча,Київ,Велике місто (понад 500 тис. населення),"Середнє – можемо дозволити собі основні витрати, часом – щось додаткове.",Студент KSE
32,bachelor,145000,580000,0.0,"Ні, не вступав(ла) б",Жіноча,Київ,Велике місто (понад 500 тис. населення),"Середнє – можемо дозволити собі основні витрати, часом – щось додаткове.",Студент KSE
32,bachelor,152000,608000,0.0,"Ні, за такої ціни не розглядатиму навчання",Жіноча,Київ,Велике місто (понад 500 тис. населення),"Середнє – можемо дозволити собі основні витрати, часом – щось додаткове.",Студент KSE
32,bachelor,200000,800000,0.0,"Ні, за такої ціни не розглядатиму навчання",Жіноча,Київ,Велике місто (понад 500 тис. населення),"Середнє – можемо дозволити собі основні витрати, часом – щось додаткове.",Студент KSE
33,bachelor,105000,420000,0.0,"Ні, це забагато",Жіноча,Київська область,Мале місто / селище міського типу (до 50 тис. населення),"Вище середнього – здатні оплачувати великі покупки, подорожі тощо без значних труднощів.",Студент/студентка іншого університету
33,bachelor,127000,508000,0.0,"Ні, це забагато",Жіноча,Київська область,Мале місто / селище міського типу (до 50 тис. населення),"Вище середнього – здатні оплачувати великі покупки, подорожі тощо без значних труднощів.",Студент/студентка іншого університету
33,bachelor,145000,580000,0.0,"Ні, не вступав(ла) б",Жіноча,Київська область,Мале місто / селище міського типу (до 50 тис. населення),"Вище середнього – здатні оплачувати великі покупки, подорожі тощо без значних труднощів.",Студент/студентка іншого університету
33,bachelor,152000,608000,0.0,"Ні, за такої ціни не розглядатиму навчання",Жіноча,Київська область,Мале місто / селище міського типу (до 50 тис. населення),"Вище середнього – здатні оплачувати великі покупки, подорожі тощо без значних труднощів.",Студент/студентка іншого університету
33,bachelor,200000,800000,0.0,"Ні, за такої ціни не розглядатиму навчання",Жіноча,Київська область,Мале місто / селище міського типу (до 50 тис. населення),"Вище середнього – здатні оплачувати великі покупки, подорожі тощо без значних труднощів.",Студент/студентка іншого університету
34,bachelor,105000,420000,0.0,"Ні, це забагато",Чоловіча,Київ,Велике місто (понад 500 тис. населення),"Високе – сім’я матеріально забезпечена, коштів достатньо для комфортного життя.",Студент KSE
34,bachelor,127000,508000,0.0,"Ні, це забагато",Чоловіча,Київ,Велике місто (понад 500 тис. населення),"Високе – сім’я матеріально забезпечена, коштів достатньо для комфортного життя.",Студент KSE
34,bachelor,145000,580000,0.0,"Ні, не вступав(ла) б",Чоловіча,Київ,Велике місто (понад 500 тис. населення),"Високе – сім’я матеріально забезпечена, коштів достатньо для комфортного життя.",Студент KSE
34,bachelor,152000,608000,0.0,"Ні, за такої ціни не розглядатиму навчання",Чоловіча,Київ,Велике місто (понад 500 тис. населення),"Високе – сім’я матеріально забезпечена, коштів достатньо для комфортного життя.",Студент KSE
34,bachelor,200000,800000,0.0,"Ні, за такої ціни не розглядатиму навчання",Чоловіча,Київ,Велике місто (понад 500 тис. населення),"Високе – сім’я матеріально забезпечена, коштів достатньо для комфортного життя.",Студент KSE
35,bachelor,105000,420000,0.5,"Можливо, залежно від програми",Чоловіча,Запорізька область ,Велике місто (понад 500 тис. населення),"Низьке – сім’ї важко покривати базові потреби, часто бракує коштів.",Учень/учениця 11 класу або недавній випускник школи (майбутній абітурієнт на бакалаврат).
35,bachelor,127000,508000,0.5,"Можливо, залежно від програми",Чоловіча,Запорізька область ,Велике місто (понад 500 тис. населення),"Низьке – сім’ї важко покривати базові потреби, часто бракує коштів.",Учень/учениця 11 класу або недавній випускник школи (майбутній абітурієнт на бакалаврат).
35,bachelor,145000,580000,0.5,"Можливо, залежно від програми",Чоловіча,Запорізька область ,Велике місто (понад 500 тис. населення),"Низьке – сім’ї важко покривати базові потреби, часто бракує коштів.",Учень/учениця 11 класу або недавній випускник школи (майбутній абітурієнт на бакалаврат).
35,bachelor,152000,608000,0.0,"Ні, за такої ціни не розглядатиму навчання",Чоловіча,Запорізька область ,Велике місто (понад 500 тис. населення),"Низьке – сім’ї важко покривати базові потреби, часто бракує коштів.",Учень/учениця 11 класу або недавній випускник школи (майбутній абітурієнт на бакалаврат).
35,bachelor,200000,800000,0.0,"Ні, за такої ціни не розглядатиму навчання",Чоловіча,Запорізька область ,Велике місто (понад 500 тис. населення),"Низьке – сім’ї важко покривати базові потреби, часто бракує коштів.",Учень/учениця 11 класу або недавній випускник школи (майбутній абітурієнт на бакалаврат).
36,bachelor,105000,420000,0.0,"Ні, це забагато",Жіноча,Київ,Велике місто (понад 500 тис. населення),"Середнє – можемо дозволити собі основні витрати, часом – щось додаткове.",Студент KSE
36,bachelor,127000,508000,0.0,"Ні, це забагато",Жіноча,Київ,Велике місто (понад 500 тис. населення),"Середнє – можемо дозволити собі основні витрати, часом – щось додаткове.",Студент KSE
36,bachelor,145000,580000,0.0,"Ні, не вступав(ла) б",Жіноча,Київ,Велике місто (понад 500 тис. населення),"Середнє – можемо дозволити собі основні витрати, часом – щось додаткове.",Студент KSE
36,bachelor,152000,608000,0.0,"Ні, за такої ціни не розглядатиму навчання",Жіноча,Київ,Велике місто (понад 500 тис. населення),"Середнє – можемо дозволити собі основні витрати, часом – щось додаткове.",Студент KSE
36,bachelor,200000,800000,0.0,"Ні, за такої ціни не розглядатиму навчання",Жіноча,Київ,Велике місто (понад 500 тис. населення),"Середнє – можемо дозволити собі основні витрати, часом – щось додаткове.",Студент KSE
37,bachelor,105000,420000,0.5,"Можливо, залежно від програми",Інше / Вважаю за краще не зазначати,львівська обл,Середнє місто (50–500 тис. населення),"Середнє – можемо дозволити собі основні витрати, часом – щось додаткове.",Учень/учениця 11 класу або недавній випускник школи (майбутній абітурієнт на бакалаврат).
37,bachelor,127000,508000,0.5,"Можливо, залежно від програми",Інше / Вважаю за краще не зазначати,львівська обл,Середнє місто (50–500 тис. населення),"Середнє – можемо дозволити собі основні витрати, часом – щось додаткове.",Учень/учениця 11 класу або недавній випускник школи (майбутній абітурієнт на бакалаврат).
37,bachelor,145000,580000,0.0,"Ні, не вступав(ла) б",Інше / Вважаю за краще не зазначати,львівська обл,Середнє місто (50–500 тис. населення),"Середнє – можемо дозволити собі основні витрати, часом – щось додаткове.",Учень/учениця 11 класу або недавній випускник школи (майбутній абітурієнт на бакалаврат).
37,bachelor,152000,608000,0.0,"Ні, за такої ціни не розглядатиму навчання",Інше / Вважаю за краще не зазначати,львівська обл,Середнє місто (50–500 тис. населення),"Середнє – можемо дозволити собі основні витрати, часом – щось додаткове.",Учень/учениця 11 класу або недавній випускник школи (майбутній абітурієнт на бакалаврат).
37,bachelor,200000,800000,0.0,"Ні, за такої ціни не розглядатиму навчання",Інше / Вважаю за краще не зазначати,львівська обл,Середнє місто (50–500 тис. населення),"Середнє – можемо дозволити собі основні витрати, часом – щось додаткове.",Учень/учениця 11 класу або недавній випускник школи (майбутній абітурієнт на бакалаврат).
38,bachelor,105000,420000,1.0,"Так, це прийнятно",Жіноча,Київ,Велике місто (понад 500 тис. населення),"Вище середнього – здатні оплачувати великі покупки, подорожі тощо без значних труднощів.",Студент KSE
38,bachelor,127000,508000,1.0,"Так, це прийнятно",Жіноча,Київ,Велике місто (понад 500 тис. населення),"Вище середнього – здатні оплачувати великі покупки, подорожі тощо без значних труднощів.",Студент KSE
38,bachelor,145000,580000,1.0,"Так, ціна прийнятна",Жіноча,Київ,Велике місто (понад 500 тис. населення),"Вище середнього – здатні оплачувати великі покупки, подорожі тощо без значних труднощів.",Студент KSE
38,bachelor,152000,608000,0.5,"Можливо, залежно від програми",Жіноча,Київ,Велике місто (понад 500 тис. населення),"Вище середнього – здатні оплачувати великі покупки, подорожі тощо без значних труднощів.",Студент KSE
38,bachelor,200000,800000,0.0,"Ні, за такої ціни не розглядатиму навчання",Жіноча,Київ,Велике місто (понад 500 тис. населення),"Вище середнього – здатні оплачувати великі покупки, подорожі тощо без значних труднощів.",Студент KSE
39,bachelor,105000,420000,1.0,"Так, це прийнятно",Інше / Вважаю за краще не зазначати,Київська область,Середнє місто (50–500 тис. населення),"Вище середнього – здатні оплачувати великі покупки, подорожі тощо без значних труднощів.",Студент KSE
39,bachelor,127000,508000,0.5,"Можливо, залежно від програми",Інше / Вважаю за краще не зазначати,Київська область,Середнє місто (50–500 тис. населення),"Вище середнього – здатні оплачувати великі покупки, подорожі тощо без значних труднощів.",Студент KSE
39,bachelor,145000,580000,0.5,"Можливо, залежно від програми",Інше / Вважаю за краще не зазначати,Київська область,Середнє місто (50–500 тис. населення),"Вище середнього – здатні оплачувати великі покупки, подорожі тощо без значних труднощів.",Студент KSE
39,bachelor,152000,608000,0.5,"Можливо, залежно від програми",Інше / Вважаю за краще не зазначати,Київська область,Середнє місто (50–500 тис. населення),"Вище середнього – здатні оплачувати великі покупки, подорожі тощо без значних труднощів.",Студент KSE
39,bachelor,200000,800000,0.0,"Ні, за такої ціни не розглядатиму навчання",Інше / Вважаю за краще не зазначати,Київська область,Середнє місто (50–500 тис. населення),"Вище середнього – здатні оплачувати великі покупки, подорожі тощо без значних труднощів.",Студент KSE
40,bachelor,105000,420000,1.0,"Так, це прийнятно",Жіноча,Харків,Велике місто (понад 500 тис. населення),"Середнє – можемо дозволити собі основні витрати, часом – щось додаткове.",Учень/учениця 11 класу або недавній випускник школи (майбутній абітурієнт на бакалаврат).
40,bachelor,127000,508000,0.0,"Ні, це забагато",Жіноча,Харків,Велике місто (понад 500 тис. населення),"Середнє – можемо дозволити собі основні витрати, часом – щось додаткове.",Учень/учениця 11 класу або недавній випускник школи (майбутній абітурієнт на бакалаврат).
40,bachelor,145000,580000,0.0,"Ні, не вступав(ла) б",Жіноча,Харків,Велике місто (понад 500 тис. населення),"Середнє – можемо дозволити собі основні витрати, часом – щось додаткове.",Учень/учениця 11 класу або недавній випускник школи (майбутній абітурієнт на бакалаврат).
40,bachelor,152000,608000,0.0,"Ні, за такої ціни не розглядатиму навчання",Жіноча,Харків,Велике місто (понад 500 тис. населення),"Середнє – можемо дозволити собі основні витрати, часом – щось додаткове.",Учень/учениця 11 класу або недавній випускник школи (майбутній абітурієнт на бакалаврат).
40,bachelor,200000,800000,0.0,"Ні, за такої ціни не розглядатиму навчання",Жіноча,Харків,Велике місто (понад 500 тис. населення),"Середнє – можемо дозволити собі основні витрати, часом – щось додаткове.",Учень/учениця 11 класу або недавній випускник школи (майбутній абітурієнт на бакалаврат).
41,bachelor,105000,420000,0.5,"Можливо, залежно від програми",Жіноча,Київська область ,Середнє місто (50–500 тис. населення),"Вище середнього – здатні оплачувати великі покупки, подорожі тощо без значних труднощів.",Учень/учениця 11 класу або недавній випускник школи (майбутній абітурієнт на бакалаврат).
41,bachelor,127000,508000,0.0,"Ні, це забагато",Жіноча,Київська область ,Середнє місто (50–500 тис. населення),"Вище середнього – здатні оплачувати великі покупки, подорожі тощо без значних труднощів.",Учень/учениця 11 класу або недавній випускник школи (майбутній абітурієнт на бакалаврат).
41,bachelor,145000,580000,0.0,"Ні, не вступав(ла) б",Жіноча,Київська область ,Середнє місто (50–500 тис. населення),"Вище середнього – здатні оплачувати великі покупки, подорожі тощо без значних труднощів.",Учень/учениця 11 класу або недавній випускник школи (майбутній абітурієнт на бакалаврат).
41,bachelor,152000,608000,0.0,"Ні, за такої ціни не розглядатиму навчання",Жіноча,Київська область ,Середнє місто (50–500 тис. населення),"Вище середнього – здатні оплачувати великі покупки, подорожі тощо без значних труднощів.",Учень/учениця 11 класу або недавній випускник школи (майбутній абітурієнт на бакалаврат).
41,bachelor,200000,800000,0.0,"Ні, за такої ціни не розглядатиму навчання",Жіноча,Київська область ,Середнє місто (50–500 тис. населення),"Вище середнього – здатні оплачувати великі покупки, подорожі тощо без значних труднощів.",Учень/учениця 11 класу або недавній випускник школи (майбутній абітурієнт на бакалаврат).
42,bachelor,105000,420000,1.0,"Так, це прийнятно",Жіноча,Полтавська ,Середнє місто (50–500 тис. населення),"Середнє – можемо дозволити собі основні витрати, часом – щось додаткове.",Студент KSE
42,bachelor,127000,508000,0.0,"Ні, це забагато",Жіноча,Полтавська ,Середнє місто (50–500 тис. населення),"Середнє – можемо дозволити собі основні витрати, часом – щось додаткове.",Студент KSE
42,bachelor,145000,580000,0.0,"Ні, не вступав(ла) б",Жіноча,Полтавська ,Середнє місто (50–500 тис. населення),"Середнє – можемо дозволити собі основні витрати, часом – щось додаткове.",Студент KSE
42,bachelor,152000,608000,0.0,"Ні, за такої ціни не розглядатиму навчання",Жіноча,Полтавська ,Середнє місто (50–500 тис. населення),"Середнє – можемо дозволити собі основні витрати, часом – щось додаткове.",Студент KSE
42,bachelor,200000,800000,0.0,"Ні, за такої ціни не розглядатиму навчання",Жіноча,Полтавська ,Середнє місто (50–500 тис. населення),"Середнє – можемо дозволити собі основні витрати, часом – щось додаткове.",Студент KSE
43,bachelor,105000,420000,0.0,"Ні, це забагато",Чоловіча,Київ,Велике місто (понад 500 тис. населення),"Нижче середнього – вистачає на необхідне, але додаткові витрати даються важко.",Студент KSE
43,bachelor,127000,508000,0.0,"Ні, це забагато",Чоловіча,Київ,Велике місто (понад 500 тис. населення),"Нижче середнього – вистачає на необхідне, але додаткові витрати даються важко.",Студент KSE
43,bachelor,145000,580000,0.0,"Ні, не вступав(ла) б",Чоловіча,Київ,Велике місто (понад 500 тис. населення),"Нижче середнього – вистачає на необхідне, але додаткові витрати даються важко.",Студент KSE
43,bachelor,152000,608000,0.0,"Ні, за такої ціни не розглядатиму навчання",Чоловіча,Київ,Велике місто (понад 500 тис. населення),"Нижче середнього – вистачає на необхідне, але додаткові витрати даються важко.",Студент KSE
43,bachelor,200000,800000,0.0,"Ні, за такої ціни не розглядатиму навчання",Чоловіча,Київ,Велике місто (понад 500 тис. населення),"Нижче середнього – вистачає на необхідне, але додаткові витрати даються важко.",Студент KSE
44,bachelor,105000,420000,0.5,"Можливо, залежно від програми",Чоловіча,Київ,Велике місто (понад 500 тис. населення),"Середнє – можемо дозволити собі основні витрати, часом – щось додаткове.",Студент KSE
44,bachelor,127000,508000,0.0,"Ні, це забагато",Чоловіча,Київ,Велике місто (понад 500 тис. населення),"Середнє – можемо дозволити собі основні витрати, часом – щось додаткове.",Студент KSE
44,bachelor,145000,580000,0.0,"Ні, не вступав(ла) б",Чоловіча,Київ,Велике місто (понад 500 тис. населення),"Середнє – можемо дозволити собі основні витрати, часом – щось додаткове.",Студент KSE
44,bachelor,152000,608000,0.0,"Ні, за такої ціни не розглядатиму навчання",Чоловіча,Київ,Велике місто (понад 500 тис. населення),"Середнє – можемо дозволити собі основні витрати, часом – щось додаткове.",Студент KSE
44,bachelor,200000,800000,0.0,"Ні, за такої ціни не розглядатиму навчання",Чоловіча,Київ,Велике місто (понад 500 тис. населення),"Середнє – можемо дозволити собі основні витрати, часом – щось додаткове.",Студент KSE
45,bachelor,105000,420000,1.0,"Так, це прийнятно",Чоловіча,Київ,Велике місто (понад 500 тис. населення),"Середнє – можемо дозволити собі основні витрати, часом – щось додаткове.",Учень/учениця 11 класу або недавній випускник школи (майбутній абітурієнт на бакалаврат).
45,bachelor,127000,508000,1.0,"Так, це прийнятно",Чоловіча,Київ,Велике місто (понад 500 тис. населення),"Середнє – можемо дозволити собі основні витрати, часом – щось додаткове.",Учень/учениця 11 класу або недавній випускник школи (майбутній абітурієнт на бакалаврат).
45,bachelor,145000,580000,1.0,"Так, ціна прийнятна",Чоловіча,Київ,Велике місто (понад 500 тис. населення),"Середнє – можемо дозволити собі основні витрати, часом – щось додаткове.",Учень/учениця 11 класу або недавній випускник школи (майбутній абітурієнт на бакалаврат).
45,bachelor,152000,608000,1.0,"Так, все одно вступив(ла) б",Чоловіча,Київ,Велике місто (понад 500 тис. населення),"Середнє – можемо дозволити собі основні витрати, часом – щось додаткове.",Учень/учениця 11 класу або недавній випускник школи (майбутній абітурієнт на бакалаврат).
45,bachelor,200000,800000,1.0,"Так, все одно вступив(ла) б",Чоловіча,Київ,Велике місто (понад 500 тис. населення),"Середнє – можемо дозволити собі основні витрати, часом – щось додаткове.",Учень/учениця 11 класу або недавній випускник школи (майбутній абітурієнт на бакалаврат).
46,bachelor,105000,420000,1.0,"Так, це прийнятно",Чоловіча,Хмельниць,Мале місто / селище міського типу (до 50 тис. населення),"Середнє – можемо дозволити собі основні витрати, часом – щось додаткове.",Студент KSE
46,bachelor,127000,508000,1.0,"Так, це прийнятно",Чоловіча,Хмельниць,Мале місто / селище міського типу (до 50 тис. населення),"Середнє – можемо дозволити собі основні витрати, часом – щось додаткове.",Студент KSE
46,bachelor,145000,580000,0.5,"Можливо, залежно від програми",Чоловіча,Хмельниць,Мале місто / селище міського типу (до 50 тис. населення),"Середнє – можемо дозволити собі основні витрати, часом – щось додаткове.",Студент KSE
46,bachelor,152000,608000,0.5,"Можливо, залежно від програми",Чоловіча,Хмельниць,Мале місто / селище міського типу (до 50 тис. населення),"Середнє – можемо дозволити собі основні витрати, часом – щось додаткове.",Студент KSE
46,bachelor,200000,800000,0.5,"Можливо, залежно від програми",Чоловіча,Хмельниць,Мале місто / селище міського типу (до 50 тис. населення),"Середнє – можемо дозволити собі основні витрати, часом – щось додаткове.",Студент KSE
47,bachelor,105000,420000,0.5,"Можливо, залежно від програми",Чоловіча,Місто Київ,Велике місто (понад 500 тис. населення),"Нижче середнього – вистачає на необхідне, але додаткові витрати даються важко.",Учень/учениця 11 класу або недавній випускник школи (майбутній абітурієнт на бакалаврат).
47,bachelor,127000,508000,0.5,"Можливо, залежно від програми",Чоловіча,Місто Київ,Велике місто (понад 500 тис. населення),"Нижче середнього – вистачає на необхідне, але додаткові витрати даються важко.",Учень/учениця 11 класу або недавній випускник школи (майбутній абітурієнт на бакалаврат).
47,bachelor,145000,580000,0.5,"Можливо, залежно від програми",Чоловіча,Місто Київ,Велике місто (понад 500 тис. населення),"Нижче середнього – вистачає на необхідне, але додаткові витрати даються важко.",Учень/учениця 11 класу або недавній випускник школи (майбутній абітурієнт на бакалаврат).
47,bachelor,152000,608000,0.5,"Можливо, залежно від програми",Чоловіча,Місто Київ,Велике місто (понад 500 тис. населення),"Нижче середнього – вистачає на необхідне, але додаткові витрати даються важко.",Учень/учениця 11 класу або недавній випускник школи (майбутній абітурієнт на бакалаврат).
47,bachelor,200000,800000,0.5,"Можливо, залежно від програми",Чоловіча,Місто Київ,Велике місто (понад 500 тис. населення),"Нижче середнього – вистачає на необхідне, але додаткові витрати даються важко.",Учень/учениця 11 класу або недавній випускник школи (майбутній абітурієнт на бакалаврат).
48,bachelor,105000,420000,0.5,"Можливо, залежно від програми",Жіноча,Крюківщина ,Сільська місцевість (село),"Вище середнього – здатні оплачувати великі покупки, подорожі тощо без значних труднощів.",Студент KSE
48,bachelor,127000,508000,0.5,"Можливо, залежно від програми",Жіноча,Крюківщина ,Сільська місцевість (село),"Вище середнього – здатні оплачувати великі покупки, подорожі тощо без значних труднощів.",Студент KSE
48,bachelor,145000,580000,0.5,"Можливо, залежно від програми",Жіноча,Крюківщина ,Сільська місцевість (село),"Вище середнього – здатні оплачувати великі покупки, подорожі тощо без значних труднощів.",Студент KSE
48,bachelor,152000,608000,0.5,"Можливо, залежно від програми",Жіноча,Крюківщина ,Сільська місцевість (село),"Вище середнього – здатні оплачувати великі покупки, подорожі тощо без значних труднощів.",Студент KSE
48,bachelor,200000,800000,0.0,"Ні, за такої ціни не розглядатиму навчання",Жіноча,Крюківщина ,Сільська місцевість (село),"Вище середнього – здатні оплачувати великі покупки, подорожі тощо без значних труднощів.",Студент KSE
49,bachelor,105000,420000,1.0,"Так, це прийнятно",Жіноча,Київ,Велике місто (понад 500 тис. населення),"Середнє – можемо дозволити собі основні витрати, часом – щось додаткове.",Учень/учениця 11 класу або недавній випускник школи (майбутній абітурієнт на бакалаврат).
49,bachelor,127000,508000,1.0,"Так, це прийнятно",Жіноча,Київ,Велике місто (понад 500 тис. населення),"Середнє – можемо дозволити собі основні витрати, часом – щось додаткове.",Учень/учениця 11 класу або недавній випускник школи (майбутній абітурієнт на бакалаврат).
49,bachelor,145000,580000,1.0,"Так, ціна прийнятна",Жіноча,Київ,Велике місто (понад 500 тис. населення),"Середнє – можемо дозволити собі основні витрати, часом – щось додаткове.",Учень/учениця 11 класу або недавній випускник школи (майбутній абітурієнт на бакалаврат).
49,bachelor,152000,608000,1.0,"Так, все одно вступив(ла) б",Жіноча,Київ,Велике місто (понад 500 тис. населення),"Середнє – можемо дозволити собі основні витрати, часом – щось додаткове.",Учень/учениця 11 класу або недавній випускник школи (майбутній абітурієнт на бакалаврат).
49,bachelor,200000,800000,1.0,"Так, все одно вступив(ла) б",Жіноча,Київ,Велике місто (понад 500 тис. населення),"Середнє – можемо дозволити собі основні витрати, часом – щось додаткове.",Учень/учениця 11 класу або недавній випускник школи (майбутній абітурієнт на бакалаврат).
50,bachelor,105000,420000,0.5,"Можливо, залежно від програми",Чоловіча,"Харківська область, місто Харків",Велике місто (понад 500 тис. населення),"Середнє – можемо дозволити собі основні витрати, часом – щось додаткове.",Студент KSE
50,bachelor,127000,508000,0.5,"Можливо, залежно від програми",Чоловіча,"Харківська область, місто Харків",Велике місто (понад 500 тис. населення),"Середнє – можемо дозволити собі основні витрати, часом – щось додаткове.",Студент KSE
50,bachelor,145000,580000,0.0,"Ні, не вступав(ла) б",Чоловіча,"Харківська область, місто Харків",Велике місто (понад 500 тис. населення),"Середнє – можемо дозволити собі основні витрати, часом – щось додаткове.",Студент KSE
50,bachelor,152000,608000,0.0,"Ні, за такої ціни не розглядатиму навчання",Чоловіча,"Харківська область, місто Харків",Велике місто (понад 500 тис. населення),"Середнє – можемо дозволити собі основні витрати, часом – щось додаткове.",Студент KSE
50,bachelor,200000,800000,0.0,"Ні, за такої ціни не розглядатиму навчання",Чоловіча,"Харківська область, місто Харків",Велике місто (понад 500 тис. населення),"Середнє – можемо дозволити собі основні витрати, часом – щось додаткове.",Студент KSE
51,bachelor,105000,420000,0.0,"Ні, це забагато",Чоловіча,Київ,Велике місто (понад 500 тис. населення),"Середнє – можемо дозволити собі основні витрати, часом – щось додаткове.",Студент KSE
51,bachelor,127000,508000,0.0,"Ні, це забагато",Чоловіча,Київ,Велике місто (понад 500 тис. населення),"Середнє – можемо дозволити собі основні витрати, часом – щось додаткове.",Студент KSE
51,bachelor,145000,580000,0.0,"Ні, не вступав(ла) б",Чоловіча,Київ,Велике місто (понад 500 тис. населення),"Середнє – можемо дозволити собі основні витрати, часом – щось додаткове.",Студент KSE
51,bachelor,152000,608000,0.0,"Ні, за такої ціни не розглядатиму навчання",Чоловіча,Київ,Велике місто (понад 500 тис. населення),"Середнє – можемо дозволити собі основні витрати, часом – щось додаткове.",Студент KSE
51,bachelor,200000,800000,0.0,"Ні, за такої ціни не розглядатиму навчання",Чоловіча,Київ,Велике місто (понад 500 тис. населення),"Середнє – можемо дозволити собі основні витрати, часом – щось додаткове.",Студент KSE
52,bachelor,105000,420000,0.5,"Можливо, залежно від програми",Жіноча,київ,Середнє місто (50–500 тис. населення),"Середнє – можемо дозволити собі основні витрати, часом – щось додаткове.",Студент KSE
52,bachelor,127000,508000,0.0,"Ні, це забагато",Жіноча,київ,Середнє місто (50–500 тис. населення),"Середнє – можемо дозволити собі основні витрати, часом – щось додаткове.",Студент KSE
52,bachelor,145000,580000,0.0,"Ні, не вступав(ла) б",Жіноча,київ,Середнє місто (50–500 тис. населення),"Середнє – можемо дозволити собі основні витрати, часом – щось додаткове.",Студент KSE
52,bachelor,152000,608000,0.0,"Ні, за такої ціни не розглядатиму навчання",Жіноча,київ,Середнє місто (50–500 тис. населення),"Середнє – можемо дозволити собі основні витрати, часом – щось додаткове.",Студент KSE
52,bachelor,200000,800000,0.0,"Ні, за такої ціни не розглядатиму навчання",Жіноча,київ,Середнє місто (50–500 тис. населення),"Середнє – можемо дозволити собі основні витрати, часом – щось додаткове.",Студент KSE
53,bachelor,105000,420000,0.5,"Можливо, залежно від програми",Жіноча,Київська область ,Сільська місцевість (село),"Середнє – можемо дозволити собі основні витрати, часом – щось додаткове.",Студент KSE
53,bachelor,127000,508000,0.5,"Можливо, залежно від програми",Жіноча,Київська область ,Сільська місцевість (село),"Середнє – можемо дозволити собі основні витрати, часом – щось додаткове.",Студент KSE
53,bachelor,145000,580000,0.5,"Можливо, залежно від програми",Жіноча,Київська область ,Сільська місцевість (село),"Середнє – можемо дозволити собі основні витрати, часом – щось додаткове.",Студент KSE
53,bachelor,152000,608000,0.5,"Можливо, залежно від програми",Жіноча,Київська область ,Сільська місцевість (село),"Середнє – можемо дозволити собі основні витрати, часом – щось додаткове.",Студент KSE
53,bachelor,200000,800000,0.5,"Можливо, залежно від програми",Жіноча,Київська область ,Сільська місцевість (село),"Середнє – можемо дозволити собі основні витрати, часом – щось додаткове.",Студент KSE
54,bachelor,105000,420000,0.5,"Можливо, залежно від програми",Інше / Вважаю за краще не зазначати,Київ,Велике місто (понад 500 тис. населення),"Середнє – можемо дозволити собі основні витрати, часом – щось додаткове.",Студент KSE
54,bachelor,127000,508000,0.5,"Можливо, залежно від програми",Інше / Вважаю за краще не зазначати,Київ,Велике місто (понад 500 тис. населення),"Середнє – можемо дозволити собі основні витрати, часом – щось додаткове.",Студент KSE
54,bachelor,145000,580000,0.0,"Ні, не вступав(ла) б",Інше / Вважаю за краще не зазначати,Київ,Велике місто (понад 500 тис. населення),"Середнє – можемо дозволити собі основні витрати, часом – щось додаткове.",Студент KSE
54,bachelor,152000,608000,0.0,"Ні, за такої ціни не розглядатиму навчання",Інше / Вважаю за краще не зазначати,Київ,Велике місто (понад 500 тис. населення),"Середнє – можемо дозволити собі основні витрати, часом – щось додаткове.",Студент KSE
54,bachelor,200000,800000,0.0,"Ні, за такої ціни не розглядатиму навчання",Інше / Вважаю за краще не зазначати,Київ,Велике місто (понад 500 тис. населення),"Середнє – можемо дозволити собі основні витрати, часом – щось додаткове.",Студент KSE
55,bachelor,105000,420000,1.0,"Так, це прийнятно",Жіноча,м.Київ,Велике місто (понад 500 тис. населення),"Середнє – можемо дозволити собі основні витрати, часом – щось додаткове.",Студент KSE
55,bachelor,127000,508000,0.5,"Можливо, залежно від програми",Жіноча,м.Київ,Велике місто (понад 500 тис. населення),"Середнє – можемо дозволити собі основні витрати, часом – щось додаткове.",Студент KSE
55,bachelor,145000,580000,0.5,"Можливо, залежно від програми",Жіноча,м.Київ,Велике місто (понад 500 тис. населення),"Середнє – можемо дозволити собі основні витрати, часом – щось додаткове.",Студент KSE
55,bachelor,152000,608000,0.0,"Ні, за такої ціни не розглядатиму навчання",Жіноча,м.Київ,Велике місто (понад 500 тис. населення),"Середнє – можемо дозволити собі основні витрати, часом – щось додаткове.",Студент KSE
55,bachelor,200000,800000,0.0,"Ні, за такої ціни не розглядатиму навчання",Жіноча,м.Київ,Велике місто (понад 500 тис. населення),"Середнє – можемо дозволити собі основні витрати, часом – щось додаткове.",Студент KSE
56,bachelor,105000,420000,1.0,"Так, це прийнятно",Жіноча,Дніпропетровська область ,Сільська місцевість (село),"Середнє – можемо дозволити собі основні витрати, часом – щось додаткове.",Учень/учениця 11 класу або недавній випускник школи (майбутній абітурієнт на бакалаврат).
56,bachelor,127000,508000,1.0,"Так, це прийнятно",Жіноча,Дніпропетровська область ,Сільська місцевість (село),"Середнє – можемо дозволити собі основні витрати, часом – щось додаткове.",Учень/учениця 11 класу або недавній випускник школи (майбутній абітурієнт на бакалаврат).
56,bachelor,145000,580000,0.0,"Ні, не вступав(ла) б",Жіноча,Дніпропетровська область ,Сільська місцевість (село),"Середнє – можемо дозволити собі основні витрати, часом – щось додаткове.",Учень/учениця 11 класу або недавній випускник школи (майбутній абітурієнт на бакалаврат).
56,bachelor,152000,608000,0.0,"Ні, за такої ціни не розглядатиму навчання",Жіноча,Дніпропетровська область ,Сільська місцевість (село),"Середнє – можемо дозволити собі основні витрати, часом – щось додаткове.",Учень/учениця 11 класу або недавній випускник школи (майбутній абітурієнт на бакалаврат).
56,bachelor,200000,800000,0.0,"Ні, за такої ціни не розглядатиму навчання",Жіноча,Дніпропетровська область ,Сільська місцевість (село),"Середнє – можемо дозволити собі основні витрати, часом – щось додаткове.",Учень/учениця 11 класу або недавній випускник школи (майбутній абітурієнт на бакалаврат).
57,bachelor,105000,420000,0.5,"Можливо, залежно від програми",Чоловіча,Київська область ,Сільська місцевість (село),"Середнє – можемо дозволити собі основні витрати, часом – щось додаткове.",Учень/учениця 11 класу або недавній випускник школи (майбутній абітурієнт на бакалаврат).
57,bachelor,127000,508000,0.5,"Можливо, залежно від програми",Чоловіча,Київська область ,Сільська місцевість (село),"Середнє – можемо дозволити собі основні витрати, часом – щось додаткове.",Учень/учениця 11 класу або недавній випускник школи (майбутній абітурієнт на бакалаврат).
57,bachelor,145000,580000,0.5,"Можливо, залежно від програми",Чоловіча,Київська область ,Сільська місцевість (село),"Середнє – можемо дозволити собі основні витрати, часом – щось додаткове.",Учень/учениця 11 класу або недавній випускник школи (майбутній абітурієнт на бакалаврат).
57,bachelor,152000,608000,0.5,"Можливо, залежно від програми",Чоловіча,Київська область ,Сільська місцевість (село),"Середнє – можемо дозволити собі основні витрати, часом – щось додаткове.",Учень/учениця 11 класу або недавній випускник школи (майбутній абітурієнт на бакалаврат).
57,bachelor,200000,800000,0.5,"Можливо, залежно від програми",Чоловіча,Київська область ,Сільська місцевість (село),"Середнє – можемо дозволити собі основні витрати, часом – щось додаткове.",Учень/учениця 11 класу або недавній випускник школи (майбутній абітурієнт на бакалаврат).
58,bachelor,105000,420000,0.0,"Ні, це забагато",Чоловіча,Харків ,Велике місто (понад 500 тис. населення),"Вище середнього – здатні оплачувати великі покупки, подорожі тощо без значних труднощів.",Студент/студентка іншого університету
58,bachelor,127000,508000,0.0,"Ні, це забагато",Чоловіча,Харків ,Велике місто (понад 500 тис. населення),"Вище середнього – здатні оплачувати великі покупки, подорожі тощо без значних труднощів.",Студент/студентка іншого університету
58,bachelor,145000,580000,0.0,"Ні, не вступав(ла) б",Чоловіча,Харків ,Велике місто (понад 500 тис. населення),"Вище середнього – здатні оплачувати великі покупки, подорожі тощо без значних труднощів.",Студент/студентка іншого університету
58,bachelor,152000,608000,0.0,"Ні, за такої ціни не розглядатиму навчання",Чоловіча,Харків ,Велике місто (понад 500 тис. населення),"Вище середнього – здатні оплачувати великі покупки, подорожі тощо без значних труднощів.",Студент/студентка іншого університету
58,bachelor,200000,800000,0.0,"Ні, за такої ціни не розглядатиму навчання",Чоловіча,Харків ,Велике місто (понад 500 тис. населення),"Вище середнього – здатні оплачувати великі покупки, подорожі тощо без значних труднощів.",Студент/студентка іншого університету
59,bachelor,105000,420000,0.5,"Можливо, залежно від програми",Жіноча,Київ,Велике місто (понад 500 тис. населення),"Середнє – можемо дозволити собі основні витрати, часом – щось додаткове.",Учень/учениця 11 класу або недавній випускник школи (майбутній абітурієнт на бакалаврат).
59,bachelor,127000,508000,0.0,"Ні, це забагато",Жіноча,Київ,Велике місто (понад 500 тис. населення),"Середнє – можемо дозволити собі основні витрати, часом – щось додаткове.",Учень/учениця 11 класу або недавній випускник школи (майбутній абітурієнт на бакалаврат).
59,bachelor,145000,580000,0.0,"Ні, не вступав(ла) б",Жіноча,Київ,Велике місто (понад 500 тис. населення),"Середнє – можемо дозволити собі основні витрати, часом – щось додаткове.",Учень/учениця 11 класу або недавній випускник школи (майбутній абітурієнт на бакалаврат).
59,bachelor,152000,608000,0.0,"Ні, за такої ціни не розглядатиму навчання",Жіноча,Київ,Велике місто (понад 500 тис. населення),"Середнє – можемо дозволити собі основні витрати, часом – щось додаткове.",Учень/учениця 11 класу або недавній випускник школи (майбутній абітурієнт на бакалаврат).
59,bachelor,200000,800000,0.0,"Ні, за такої ціни не розглядатиму навчання",Жіноча,Київ,Велике місто (понад 500 тис. населення),"Середнє – можемо дозволити собі основні витрати, часом – щось додаткове.",Учень/учениця 11 класу або недавній випускник школи (майбутній абітурієнт на бакалаврат).
60,bachelor,105000,420000,1.0,"Так, це прийнятно",Жіноча,Київська область ,Середнє місто (50–500 тис. населення),"Середнє – можемо дозволити собі основні витрати, часом – щось додаткове.",Студент KSE
60,bachelor,127000,508000,0.0,"Ні, це забагато",Жіноча,Київська область ,Середнє місто (50–500 тис. населення),"Середнє – можемо дозволити собі основні витрати, часом – щось додаткове.",Студент KSE
60,bachelor,145000,580000,0.0,"Ні, не вступав(ла) б",Жіноча,Київська область ,Середнє місто (50–500 тис. населення),"Середнє – можемо дозволити собі основні витрати, часом – щось додаткове.",Студент KSE
60,bachelor,152000,608000,0.0,"Ні, за такої ціни не розглядатиму навчання",Жіноча,Київська область ,Середнє місто (50–500 тис. населення),"Середнє – можемо дозволити собі основні витрати, часом – щось додаткове.",Студент KSE
60,bachelor,200000,800000,0.0,"Ні, за такої ціни не розглядатиму навчання",Жіноча,Київська область ,Середнє місто (50–500 тис. населення),"Середнє – можемо дозволити собі основні витрати, часом – щось додаткове.",Студент KSE
61,bachelor,105000,420000,0.5,"Можливо, залежно від програми",Чоловіча,Чернігівська,Сільська місцевість (село),"Вище середнього – здатні оплачувати великі покупки, подорожі тощо без значних труднощів.",Учень/учениця 11 класу або недавній випускник школи (майбутній абітурієнт на бакалаврат).
61,bachelor,127000,508000,0.0,"Ні, це забагато",Чоловіча,Чернігівська,Сільська місцевість (село),"Вище середнього – здатні оплачувати великі покупки, подорожі тощо без значних труднощів.",Учень/учениця 11 класу або недавній випускник школи (майбутній абітурієнт на бакалаврат).
61,bachelor,145000,580000,0.0,"Ні, не вступав(ла) б",Чоловіча,Чернігівська,Сільська місцевість (село),"Вище середнього – здатні оплачувати великі покупки, подорожі тощо без значних труднощів.",Учень/учениця 11 класу або недавній випускник школи (майбутній абітурієнт на бакалаврат).
61,bachelor,152000,608000,0.0,"Ні, за такої ціни не розглядатиму навчання",Чоловіча,Чернігівська,Сільська місцевість (село),"Вище середнього – здатні оплачувати великі покупки, подорожі тощо без значних труднощів.",Учень/учениця 11 класу або недавній випускник школи (майбутній абітурієнт на бакалаврат).
61,bachelor,200000,800000,0.0,"Ні, за такої ціни не розглядатиму навчання",Чоловіча,Чернігівська,Сільська місцевість (село),"Вище середнього – здатні оплачувати великі покупки, подорожі тощо без значних труднощів.",Учень/учениця 11 класу або недавній випускник школи (майбутній абітурієнт на бакалаврат).
62,bachelor,105000,420000,0.5,"Можливо, залежно від програми",Чоловіча,Харків ,Велике місто (понад 500 тис. населення),"Середнє – можемо дозволити собі основні витрати, часом – щось додаткове.",Учень/учениця 11 класу або недавній випускник школи (майбутній абітурієнт на бакалаврат).
62,bachelor,127000,508000,0.5,"Можливо, залежно від програми",Чоловіча,Харків ,Велике місто (понад 500 тис. населення),"Середнє – можемо дозволити собі основні витрати, часом – щось додаткове.",Учень/учениця 11 класу або недавній випускник школи (майбутній абітурієнт на бакалаврат).
62,bachelor,145000,580000,0.0,"Ні, не вступав(ла) б",Чоловіча,Харків ,Велике місто (понад 500 тис. населення),"Середнє – можемо дозволити собі основні витрати, часом – щось додаткове.",Учень/учениця 11 класу або недавній випускник школи (майбутній абітурієнт на бакалаврат).
62,bachelor,152000,608000,0.0,"Ні, за такої ціни не розглядатиму навчання",Чоловіча,Харків ,Велике місто (понад 500 тис. населення),"Середнє – можемо дозволити собі основні витрати, часом – щось додаткове.",Учень/учениця 11 класу або недавній випускник школи (майбутній абітурієнт на бакалаврат).
62,bachelor,200000,800000,0.0,"Ні, за такої ціни не розглядатиму навчання",Чоловіча,Харків ,Велике місто (понад 500 тис. населення),"Середнє – можемо дозволити собі основні витрати, часом – щось додаткове.",Учень/учениця 11 класу або недавній випускник школи (майбутній абітурієнт на бакалаврат).
63,bachelor,105000,420000,0.0,"Ні, це забагато",Чоловіча,Львів,Велике місто (понад 500 тис. населення),"Низьке – сім’ї важко покривати базові потреби, часто бракує коштів.",Учень/учениця 11 класу або недавній випускник школи (майбутній абітурієнт на бакалаврат).
63,bachelor,127000,508000,0.0,"Ні, це забагато",Чоловіча,Львів,Велике місто (понад 500 тис. населення),"Низьке – сім’ї важко покривати базові потреби, часто бракує коштів.",Учень/учениця 11 класу або недавній випускник школи (майбутній абітурієнт на бакалаврат).
63,bachelor,145000,580000,0.0,"Ні, не вступав(ла) б",Чоловіча,Львів,Велике місто (понад 500 тис. населення),"Низьке – сім’ї важко покривати базові потреби, часто бракує коштів.",Учень/учениця 11 класу або недавній випускник школи (майбутній абітурієнт на бакалаврат).
63,bachelor,152000,608000,0.0,"Ні, за такої ціни не розглядатиму навчання",Чоловіча,Львів,Велике місто (понад 500 тис. населення),"Низьке – сім’ї важко покривати базові потреби, часто бракує коштів.",Учень/учениця 11 класу або недавній випускник школи (майбутній абітурієнт на бакалаврат).
63,bachelor,200000,800000,0.0,"Ні, за такої ціни не розглядатиму навчання",Чоловіча,Львів,Велике місто (понад 500 тис. населення),"Низьке – сім’ї важко покривати базові потреби, часто бракує коштів.",Учень/учениця 11 класу або недавній випускник школи (майбутній абітурієнт на бакалаврат).
64,bachelor,105000,420000,0.5,"Можливо, залежно від програми",Жіноча,Київ ,Велике місто (понад 500 тис. населення),"Вище середнього – здатні оплачувати великі покупки, подорожі тощо без значних труднощів.",Студент KSE
64,bachelor,127000,508000,0.0,"Ні, це забагато",Жіноча,Київ ,Велике місто (понад 500 тис. населення),"Вище середнього – здатні оплачувати великі покупки, подорожі тощо без значних труднощів.",Студент KSE
64,bachelor,145000,580000,0.0,"Ні, не вступав(ла) б",Жіноча,Київ ,Велике місто (понад 500 тис. населення),"Вище середнього – здатні оплачувати великі покупки, подорожі тощо без значних труднощів.",Студент KSE
64,bachelor,152000,608000,0.0,"Ні, за такої ціни не розглядатиму навчання",Жіноча,Київ ,Велике місто (понад 500 тис. населення),"Вище середнього – здатні оплачувати великі покупки, подорожі тощо без значних труднощів.",Студент KSE
64,bachelor,200000,800000,0.0,"Ні, за такої ціни не розглядатиму навчання",Жіноча,Київ ,Велике місто (понад 500 тис. населення),"Вище середнього – здатні оплачувати великі покупки, подорожі тощо без значних труднощів.",Студент KSE
65,bachelor,105000,420000,1.0,"Так, це прийнятно",Жіноча,Дніпропетровська,Середнє місто (50–500 тис. населення),"Середнє – можемо дозволити собі основні витрати, часом – щось додаткове.",Учень/учениця 11 класу або недавній випускник школи (майбутній абітурієнт на бакалаврат).
65,bachelor,127000,508000,1.0,"Так, це прийнятно",Жіноча,Дніпропетровська,Середнє місто (50–500 тис. населення),"Середнє – можемо дозволити собі основні витрати, часом – щось додаткове.",Учень/учениця 11 класу або недавній випускник школи (майбутній абітурієнт на бакалаврат).
65,bachelor,145000,580000,1.0,"Так, ціна прийнятна",Жіноча,Дніпропетровська,Середнє місто (50–500 тис. населення),"Середнє – можемо дозволити собі основні витрати, часом – щось додаткове.",Учень/учениця 11 класу або недавній випускник школи (майбутній абітурієнт на бакалаврат).
65,bachelor,152000,608000,1.0,"Так, все одно вступив(ла) б",Жіноча,Дніпропетровська,Середнє місто (50–500 тис. населення),"Середнє – можемо дозволити собі основні витрати, часом – щось додаткове.",Учень/учениця 11 класу або недавній випускник школи (майбутній абітурієнт на бакалаврат).
65,bachelor,200000,800000,1.0,"Так, все одно вступив(ла) б",Жіноча,Дніпропетровська,Середнє місто (50–500 тис. населення),"Середнє – можемо дозволити собі основні витрати, часом – щось додаткове.",Учень/учениця 11 класу або недавній випускник школи (майбутній абітурієнт на бакалаврат).
66,bachelor,105000,420000,0.0,"Ні, це забагато",Чоловіча,Чернігівська область ,Середнє місто (50–500 тис. населення),"Середнє – можемо дозволити собі основні витрати, часом – щось додаткове.",Студент/студентка іншого університету
66,bachelor,127000,508000,0.0,"Ні, це забагато",Чоловіча,Чернігівська область ,Середнє місто (50–500 тис. населення),"Середнє – можемо дозволити собі основні витрати, часом – щось додаткове.",Студент/студентка іншого університету
66,bachelor,145000,580000,0.0,"Ні, не вступав(ла) б",Чоловіча,Чернігівська область ,Середнє місто (50–500 тис. населення),"Середнє – можемо дозволити собі основні витрати, часом – щось додаткове.",Студент/студентка іншого університету
66,bachelor,152000,608000,0.0,"Ні, за такої ціни не розглядатиму навчання",Чоловіча,Чернігівська область ,Середнє місто (50–500 тис. населення),"Середнє – можемо дозволити собі основні витрати, часом – щось додаткове.",Студент/студентка іншого університету
66,bachelor,200000,800000,0.0,"Ні, за такої ціни не розглядатиму навчання",Чоловіча,Чернігівська область ,Середнє місто (50–500 тис. населення),"Середнє – можемо дозволити собі основні витрати, часом – щось додаткове.",Студент/студентка іншого університету
67,bachelor,105000,420000,1.0,"Так, це прийнятно",Жіноча,Київ,Сільська місцевість (село),"Середнє – можемо дозволити собі основні витрати, часом – щось додаткове.",Студент KSE
67,bachelor,127000,508000,0.0,"Ні, це забагато",Жіноча,Київ,Сільська місцевість (село),"Середнє – можемо дозволити собі основні витрати, часом – щось додаткове.",Студент KSE
67,bachelor,145000,580000,0.0,"Ні, не вступав(ла) б",Жіноча,Київ,Сільська місцевість (село),"Середнє – можемо дозволити собі основні витрати, часом – щось додаткове.",Студент KSE
67,bachelor,152000,608000,0.0,"Ні, за такої ціни не розглядатиму навчання",Жіноча,Київ,Сільська місцевість (село),"Середнє – можемо дозволити собі основні витрати, часом – щось додаткове.",Студент KSE
67,bachelor,200000,800000,0.0,"Ні, за такої ціни не розглядатиму навчання",Жіноча,Київ,Сільська місцевість (село),"Середнє – можемо дозволити собі основні витрати, часом – щось додаткове.",Студент KSE
68,bachelor,105000,420000,1.0,"Так, це прийнятно",Жіноча,Київ,Велике місто (понад 500 тис. населення),"Середнє – можемо дозволити собі основні витрати, часом – щось додаткове.",Студент/студентка іншого університету
68,bachelor,127000,508000,0.5,"Можливо, залежно від програми",Жіноча,Київ,Велике місто (понад 500 тис. населення),"Середнє – можемо дозволити собі основні витрати, часом – щось додаткове.",Студент/студентка іншого університету
68,bachelor,145000,580000,0.0,"Ні, не вступав(ла) б",Жіноча,Київ,Велике місто (понад 500 тис. населення),"Середнє – можемо дозволити собі основні витрати, часом – щось додаткове.",Студент/студентка іншого університету
68,bachelor,152000,608000,0.0,"Ні, за такої ціни не розглядатиму навчання",Жіноча,Київ,Велике місто (понад 500 тис. населення),"Середнє – можемо дозволити собі основні витрати, часом – щось додаткове.",Студент/студентка іншого університету
68,bachelor,200000,800000,0.0,"Ні, за такої ціни не розглядатиму навчання",Жіноча,Київ,Велике місто (понад 500 тис. населення),"Середнє – можемо дозволити собі основні витрати, часом – щось додаткове.",Студент/студентка іншого університету
